,date,utctime,num_hospital,S_start_lat,S_start_long,S_end_lat,S_end_long,S_distance(m),S_duration(s),SE_start_lat,SE_start_long,SE_end_lat,SE_end_long,SE_distance(m),SE_duration(s),E_start_lat,E_start_long,E_end_lat,E_end_long,E_distance(m),E_duration(s),NE_start_lat,NE_start_long,NE_end_lat,NE_end_long,NE_distance(m),NE_duration(s),N_start_lat,N_start_long,N_end_lat,N_end_long,N_distance(m),N_duration(s),NW_start_lat,NW_start_long,NW_end_lat,NW_end_long,NW_distance(m),NW_duration(s),W_start_lat,W_start_long,W_end_lat,W_end_long,W_distance(m),W_duration(s),SW_start_lat,SW_start_long,SW_end_lat,SW_end_long,SW_distance(m),SW_duration(s)
0,2018-06-04 23:06:36,1528167996.5560548,2,39.441611,117.367209,39.591611,117.367209,24219,2227,39.491611,117.317209,39.541611,117.417209,20760,2809,39.516611,117.317209,39.516611,117.417209,12761,1171,39.541611,117.317209,39.491611,117.417209,14486,1253,39.591611,117.367209,39.441611,117.367209,24219,2338,39.541611,117.417209,39.491611,117.317209,20755,2867,39.516611,117.417209,39.516611,117.317209,14018,1401,39.491611,117.417209,39.541611,117.317209,14467,1358
1,2018-06-04 23:06:42,1528168002.5526533,8,39.741611,117.417209,39.891611,117.417209,19720,1732,39.791611,117.367209,39.841611,117.467209,16475,2254,39.816611,117.367209,39.816611,117.467209,24544,2189,39.841611,117.367209,39.791611,117.467209,21075,2080,39.891611,117.417209,39.741611,117.417209,19709,1785,39.841611,117.467209,39.791611,117.367209,16461,2268,39.816611,117.467209,39.816611,117.367209,24409,2149,39.791611,117.467209,39.841611,117.367209,21065,2028
2,2018-06-04 23:06:48,1528168008.54836,8,39.841611,117.367209,39.991611,117.367209,19574,1413,39.891611,117.317209,39.941611,117.417209,27939,1703,39.916611,117.317209,39.916611,117.417209,10695,1321,39.941611,117.317209,39.891611,117.417209,13905,1785,39.991611,117.367209,39.841611,117.367209,20141,1532,39.941611,117.417209,39.891611,117.317209,18200,1264,39.916611,117.417209,39.916611,117.317209,10696,1399,39.891611,117.417209,39.941611,117.317209,13907,1826
3,2018-06-04 23:06:54,1528168014.450558,1,40.141611,117.417209,40.291611,117.417209,20622,1600,40.191611,117.367209,40.241611,117.467209,23756,2313,40.216611,117.367209,40.216611,117.467209,28638,2878,40.241611,117.367209,40.191611,117.467209,33492,3933,40.291611,117.417209,40.141611,117.417209,20622,1755,40.241611,117.467209,40.191611,117.367209,23759,2404,40.216611,117.467209,40.216611,117.367209,28589,2643,40.191611,117.467209,40.241611,117.367209,33508,3997
4,2018-06-04 23:07:00,1528168020.517149,1,40.241611,117.367209,40.391611,117.367209,35280,5117,40.291611,117.317209,40.341611,117.417209,49759,4866,40.316611,117.317209,40.316611,117.417209,50476,4489,40.341611,117.317209,40.291611,117.417209,42673,4599,40.391611,117.367209,40.241611,117.367209,35131,5407,40.341611,117.417209,40.291611,117.317209,49769,5071,40.316611,117.417209,40.316611,117.317209,42125,4396,40.291611,117.417209,40.341611,117.317209,42536,4610
5,2018-06-04 23:07:06,1528168026.6786807,0,40.541611,117.417209,40.691611,117.417209,119091,14182,40.591611,117.367209,40.641611,117.467209,24010,3963,40.616611,117.367209,40.616611,117.467209,123636,19589,40.641611,117.367209,40.591611,117.467209,113444,13856,40.691611,117.417209,40.541611,117.417209,126345,13760,40.641611,117.467209,40.591611,117.367209,24010,3886,40.616611,117.467209,40.616611,117.367209,122807,19690,40.591611,117.467209,40.641611,117.367209,113384,14075
6,2018-06-04 23:07:14,1528168034.7394702,0,40.641611,117.367209,40.791611,117.367209,37406,2439,40.691611,117.317209,40.741611,117.417209,40102,4119,40.716611,117.317209,40.716611,117.417209,15701,3132,40.741611,117.317209,40.691611,117.417209,20595,4331,40.791611,117.367209,40.641611,117.367209,37845,2836,40.741611,117.417209,40.691611,117.317209,40626,4142,40.716611,117.417209,40.716611,117.317209,15701,3132,40.691611,117.417209,40.741611,117.317209,20595,4325
7,2018-06-04 23:07:20,1528168040.7342489,1,40.941611,117.417209,41.091611,117.417209,31287,4027,40.991611,117.367209,41.041611,117.467209,16326,2447,41.016611,117.367209,41.016611,117.467209,14086,2046,41.041611,117.367209,40.991611,117.467209,13375,1088,41.091611,117.417209,40.941611,117.417209,31287,4279,41.041611,117.467209,40.991611,117.367209,15785,2500,41.016611,117.467209,41.016611,117.367209,13545,2102,40.991611,117.467209,41.041611,117.367209,13377,1165
8,2018-06-04 23:07:26,1528168046.6743343,1,40.941611,117.317209,41.091611,117.317209,30140,2544,40.991611,117.267209,41.041611,117.367209,26887,2896,41.016611,117.267209,41.016611,117.367209,23700,2537,41.041611,117.267209,40.991611,117.367209,25618,3417,41.091611,117.317209,40.941611,117.317209,30140,2636,41.041611,117.367209,40.991611,117.267209,26887,2920,41.016611,117.367209,41.016611,117.267209,23698,2564,40.991611,117.367209,41.041611,117.267209,25616,3442
9,2018-06-04 23:07:32,1528168052.745287,0,40.941611,117.217209,41.091611,117.217209,69281,7746,40.991611,117.167209,41.041611,117.267209,44237,5314,41.016611,117.167209,41.016611,117.267209,78624,9009,41.041611,117.167209,40.991611,117.267209,85880,10282,41.091611,117.217209,40.941611,117.217209,69277,7861,41.041611,117.267209,40.991611,117.167209,44235,5251,41.016611,117.267209,41.016611,117.167209,78580,8679,40.991611,117.267209,41.041611,117.167209,85789,9613
10,2018-06-04 23:07:38,1528168058.937971,0,40.941611,117.117209,41.091611,117.117209,39111,5675,40.991611,117.067209,41.041611,117.167209,40864,6512,41.016611,117.067209,41.016611,117.167209,14060,4013,41.041611,117.067209,40.991611,117.167209,72058,7936,41.091611,117.117209,40.941611,117.117209,38833,6027,41.041611,117.167209,40.991611,117.067209,40909,6819,41.016611,117.167209,41.016611,117.067209,14060,4013,40.991611,117.167209,41.041611,117.067209,71971,7271
11,2018-06-04 23:07:44,1528168064.9379869,0,40.941611,117.017209,41.091611,117.017209,21375,1960,40.991611,116.967209,41.041611,117.067209,24338,3567,41.016611,116.967209,41.016611,117.067209,20282,2861,41.041611,116.967209,40.991611,117.067209,20485,2110,41.091611,117.017209,40.941611,117.017209,21420,2184,41.041611,117.067209,40.991611,116.967209,24383,3845,41.016611,117.067209,41.016611,116.967209,20237,2824,40.991611,117.067209,41.041611,116.967209,20440,2057
12,2018-06-04 23:07:50,1528168070.9301696,1,40.941611,116.917209,41.091611,116.917209,26493,2157,40.991611,116.867209,41.041611,116.967209,13992,1280,41.016611,116.867209,41.016611,116.967209,10520,993,41.041611,116.867209,40.991611,116.967209,18163,1797,41.091611,116.917209,40.941611,116.917209,26493,2206,41.041611,116.967209,40.991611,116.867209,13992,1275,41.016611,116.967209,41.016611,116.867209,10520,973,40.991611,116.967209,41.041611,116.867209,18118,1736
13,2018-06-04 23:07:56,1528168076.8455415,0,40.941611,116.817209,41.091611,116.817209,48109,7769,40.991611,116.767209,41.041611,116.867209,15512,2730,41.016611,116.767209,41.016611,116.867209,14049,1808,41.041611,116.767209,40.991611,116.867209,11006,2078,41.091611,116.817209,40.941611,116.817209,48138,7724,41.041611,116.867209,40.991611,116.767209,15512,2730,41.016611,116.867209,41.016611,116.767209,14049,1808,40.991611,116.867209,41.041611,116.767209,11006,2078
14,2018-06-04 23:08:02,1528168082.8627515,0,40.941611,116.717209,41.091611,116.717209,46080,6520,40.991611,116.667209,41.041611,116.767209,17110,5423,41.016611,116.667209,41.016611,116.767209,85642,7001,41.041611,116.667209,40.991611,116.767209,94372,8797,41.091611,116.717209,40.941611,116.717209,46056,6587,41.041611,116.767209,40.991611,116.667209,17110,5423,41.016611,116.767209,41.016611,116.667209,85657,7385,40.991611,116.767209,41.041611,116.667209,94387,9328
15,2018-06-04 23:08:08,1528168088.955337,0,40.941611,116.617209,41.091611,116.617209,20485,1021,40.991611,116.567209,41.041611,116.667209,20350,2938,41.016611,116.567209,41.016611,116.667209,12539,1872,41.041611,116.567209,40.991611,116.667209,15660,1926,41.091611,116.617209,40.941611,116.617209,20130,995,41.041611,116.667209,40.991611,116.567209,20342,2928,41.016611,116.667209,41.016611,116.567209,12531,1863,40.991611,116.667209,41.041611,116.567209,15652,1920
16,2018-06-04 23:08:15,1528168095.0910907,1,40.941611,116.517209,41.091611,116.517209,42272,4301,40.991611,116.467209,41.041611,116.567209,17581,2341,41.016611,116.467209,41.016611,116.567209,11556,1194,41.041611,116.467209,40.991611,116.567209,14834,1482,41.091611,116.517209,40.941611,116.517209,42268,4312,41.041611,116.567209,40.991611,116.467209,34524,2923,41.016611,116.567209,41.016611,116.467209,11556,1194,40.991611,116.567209,41.041611,116.467209,14834,1482
17,2018-06-04 23:08:21,1528168101.0094461,0,40.941611,116.417209,41.091611,116.417209,36148,6519,40.991611,116.367209,41.041611,116.467209,19782,2227,41.016611,116.367209,41.016611,116.467209,23418,3248,41.041611,116.367209,40.991611,116.467209,36148,4041,41.091611,116.417209,40.941611,116.417209,36148,6519,41.041611,116.467209,40.991611,116.367209,19782,2227,41.016611,116.467209,41.016611,116.367209,23418,3248,40.991611,116.467209,41.041611,116.367209,18770,2476
18,2018-06-04 23:08:27,1528168107.1254616,0,40.941611,116.317209,41.091611,116.317209,33934,5687,40.991611,116.267209,41.041611,116.367209,60943,7369,41.016611,116.267209,41.016611,116.367209,53596,7382,41.041611,116.267209,40.991611,116.367209,8813,3222,41.091611,116.317209,40.941611,116.317209,33934,5687,41.041611,116.367209,40.991611,116.267209,29063,7017,41.016611,116.367209,41.016611,116.267209,53596,7152,40.991611,116.367209,41.041611,116.267209,8813,3222
19,2018-06-04 23:08:33,1528168113.1145704,0,40.941611,116.217209,41.091611,116.217209,17868,2568,40.991611,116.167209,41.041611,116.267209,53812,8030,41.016611,116.167209,41.016611,116.267209,15420,3247,41.041611,116.167209,40.991611,116.267209,44062,9373,41.091611,116.217209,40.941611,116.217209,17868,2551,41.041611,116.267209,40.991611,116.167209,53812,8007,41.016611,116.267209,41.016611,116.167209,15420,3295,40.991611,116.267209,41.041611,116.167209,15864,3451
20,2018-06-04 23:08:39,1528168119.1711268,0,40.941611,116.117209,41.091611,116.117209,23799,1891,40.991611,116.067209,41.041611,116.167209,32680,4679,41.016611,116.067209,41.016611,116.167209,33474,3874,41.041611,116.067209,40.991611,116.167209,32958,3127,41.091611,116.117209,40.941611,116.117209,23799,1734,41.041611,116.167209,40.991611,116.067209,32680,4533,41.016611,116.167209,41.016611,116.067209,33474,3754,40.991611,116.167209,41.041611,116.067209,32958,3038
21,2018-06-04 23:08:45,1528168125.3467534,0,40.941611,116.017209,41.091611,116.017209,28460,2820,40.991611,115.967209,41.041611,116.067209,30001,2869,41.016611,115.967209,41.016611,116.067209,33633,3227,41.041611,115.967209,40.991611,116.067209,33349,3577,41.091611,116.017209,40.941611,116.017209,28460,2362,41.041611,116.067209,40.991611,115.967209,30001,2374,41.016611,116.067209,41.016611,115.967209,33633,2805,40.991611,116.067209,41.041611,115.967209,33349,3232
22,2018-06-04 23:08:51,1528168131.281387,0,40.941611,115.917209,41.091611,115.917209,40828,4454,40.991611,115.867209,41.041611,115.967209,57802,5204,41.016611,115.867209,41.016611,115.967209,54999,4558,41.041611,115.867209,40.991611,115.967209,59642,4636,41.091611,115.917209,40.941611,115.917209,40828,4411,41.041611,115.967209,40.991611,115.867209,57794,5145,41.016611,115.967209,41.016611,115.867209,54991,4507,40.991611,115.967209,41.041611,115.867209,59634,4585
23,2018-06-04 23:08:57,1528168137.2796752,0,40.941611,115.817209,41.091611,115.817209,25711,1849,40.991611,115.767209,41.041611,115.867209,13577,1421,41.016611,115.767209,41.016611,115.867209,11126,1060,41.041611,115.767209,40.991611,115.867209,13849,1134,41.091611,115.817209,40.941611,115.817209,25711,1816,41.041611,115.867209,40.991611,115.767209,13577,1426,41.016611,115.867209,41.016611,115.767209,11126,1050,40.991611,115.867209,41.041611,115.767209,13849,1135
24,2018-06-04 23:09:03,1528168143.3032002,0,40.941611,115.717209,41.091611,115.717209,37756,2740,40.991611,115.667209,41.041611,115.767209,36913,2300,41.016611,115.667209,41.016611,115.767209,36448,2646,41.041611,115.667209,40.991611,115.767209,17869,3136,41.091611,115.717209,40.941611,115.717209,37754,2714,41.041611,115.767209,40.991611,115.667209,36911,2295,41.016611,115.767209,41.016611,115.667209,36446,2655,40.991611,115.767209,41.041611,115.667209,17869,3134
25,2018-06-04 23:09:09,1528168149.2964664,0,40.941611,115.617209,41.091611,115.617209,59722,4582,40.991611,115.567209,41.041611,115.667209,55123,5077,41.016611,115.567209,41.016611,115.667209,18175,1243,41.041611,115.567209,40.991611,115.667209,10435,936,41.091611,115.617209,40.941611,115.617209,59720,4568,41.041611,115.667209,40.991611,115.567209,55121,5067,41.016611,115.667209,41.016611,115.567209,18175,1278,40.991611,115.667209,41.041611,115.567209,10435,940
26,2018-06-04 23:09:15,1528168155.364373,0,40.941611,115.517209,41.091611,115.517209,58971,7043,40.991611,115.467209,41.041611,115.567209,89480,6147,41.016611,115.467209,41.016611,115.567209,36632,4296,41.041611,115.467209,40.991611,115.567209,14510,1444,41.091611,115.517209,40.941611,115.517209,58971,7266,41.041611,115.567209,40.991611,115.467209,89481,6353,41.016611,115.567209,41.016611,115.467209,36632,4526,40.991611,115.567209,41.041611,115.467209,14510,1660
27,2018-06-04 23:09:21,1528168161.3662753,0,40.941611,115.417209,41.091611,115.417209,45339,3440,40.991611,115.367209,41.041611,115.467209,34003,3191,41.016611,115.367209,41.016611,115.467209,30105,4291,41.041611,115.367209,40.991611,115.467209,47585,4076,41.091611,115.417209,40.941611,115.417209,45340,3733,41.041611,115.467209,40.991611,115.367209,34003,3180,41.016611,115.467209,41.016611,115.367209,30105,4253,40.991611,115.467209,41.041611,115.367209,47584,3842
28,2018-06-04 23:09:27,1528168167.3470151,0,40.641611,117.267209,40.791611,117.267209,35002,3238,40.691611,117.217209,40.741611,117.317209,14777,2514,40.716611,117.217209,40.716611,117.317209,9578,1348,40.741611,117.217209,40.691611,117.317209,17343,3097,40.791611,117.267209,40.641611,117.267209,35247,3660,40.741611,117.317209,40.691611,117.217209,14777,2579,40.716611,117.317209,40.716611,117.217209,9578,1438,40.691611,117.317209,40.741611,117.217209,17343,3029
29,2018-06-04 23:09:33,1528168173.3387794,3,40.641611,117.167209,40.791611,117.167209,33496,3621,40.691611,117.117209,40.741611,117.217209,20767,4426,40.716611,117.117209,40.716611,117.217209,15926,1848,40.741611,117.117209,40.691611,117.217209,21706,3340,40.791611,117.167209,40.641611,117.167209,33466,3896,40.741611,117.217209,40.691611,117.117209,20673,4680,40.716611,117.217209,40.716611,117.117209,15926,1876,40.691611,117.217209,40.741611,117.117209,21706,3297
30,2018-06-04 23:09:39,1528168179.4331791,0,40.641611,117.067209,40.791611,117.067209,44350,6314,40.691611,117.017209,40.741611,117.117209,45847,4956,40.716611,117.017209,40.716611,117.117209,22314,3282,40.741611,117.017209,40.691611,117.117209,36630,4754,40.791611,117.067209,40.641611,117.067209,44320,6361,40.741611,117.117209,40.691611,117.017209,45817,5325,40.716611,117.117209,40.716611,117.017209,22314,3300,40.691611,117.117209,40.741611,117.017209,36724,4474
31,2018-06-04 23:09:45,1528168185.500952,0,40.641611,116.967209,40.791611,116.967209,54456,5766,40.691611,116.917209,40.741611,117.017209,37422,3219,40.716611,116.917209,40.716611,117.017209,36088,3916,40.741611,116.917209,40.691611,117.017209,37448,4633,40.791611,116.967209,40.641611,116.967209,54456,5926,40.741611,117.017209,40.691611,116.917209,37422,3260,40.716611,117.017209,40.716611,116.917209,36088,3959,40.691611,117.017209,40.741611,116.917209,37448,4592
32,2018-06-04 23:09:51,1528168191.54961,1,40.641611,116.867209,40.791611,116.867209,28657,2498,40.691611,116.817209,40.741611,116.917209,41320,4318,40.716611,116.817209,40.716611,116.917209,16617,2110,40.741611,116.817209,40.691611,116.917209,20707,2462,40.791611,116.867209,40.641611,116.867209,28657,2546,40.741611,116.917209,40.691611,116.817209,41320,4366,40.716611,116.917209,40.716611,116.817209,16617,2101,40.691611,116.917209,40.741611,116.817209,20707,2455
33,2018-06-04 23:09:57,1528168197.6005776,0,40.641611,116.767209,40.791611,116.767209,51744,4400,40.691611,116.717209,40.741611,116.817209,61418,6085,40.716611,116.717209,40.716611,116.817209,62373,7299,40.741611,116.717209,40.691611,116.817209,61336,6097,40.791611,116.767209,40.641611,116.767209,50812,4314,40.741611,116.817209,40.691611,116.717209,62000,6081,40.716611,116.817209,40.716611,116.717209,62955,7289,40.691611,116.817209,40.741611,116.717209,61336,6085
34,2018-06-04 23:10:03,1528168203.8035364,2,40.641611,116.667209,40.791611,116.667209,25205,2376,40.691611,116.617209,40.741611,116.717209,22679,3485,40.716611,116.617209,40.716611,116.717209,18776,3928,40.741611,116.617209,40.691611,116.717209,18755,2397,40.791611,116.667209,40.641611,116.667209,25059,2463,40.741611,116.717209,40.691611,116.617209,22546,3542,40.716611,116.717209,40.716611,116.617209,18234,3924,40.691611,116.717209,40.741611,116.617209,18281,2411
35,2018-06-04 23:10:09,1528168209.8047714,1,40.641611,116.567209,40.791611,116.567209,30519,5920,40.691611,116.517209,40.741611,116.617209,22734,1612,40.716611,116.517209,40.716611,116.617209,17378,1641,40.741611,116.517209,40.691611,116.617209,15636,1879,40.791611,116.567209,40.641611,116.567209,30519,5982,40.741611,116.617209,40.691611,116.517209,22734,1708,40.716611,116.617209,40.716611,116.517209,17378,1721,40.691611,116.617209,40.741611,116.517209,15636,1919
36,2018-06-04 23:10:15,1528168215.8502014,1,40.641611,116.467209,40.791611,116.467209,44560,6209,40.691611,116.417209,40.741611,116.517209,34185,2643,40.716611,116.417209,40.716611,116.517209,18339,1354,40.741611,116.417209,40.691611,116.517209,26211,2340,40.791611,116.467209,40.641611,116.467209,41533,3514,40.741611,116.517209,40.691611,116.417209,34185,2555,40.716611,116.517209,40.716611,116.417209,18339,1386,40.691611,116.517209,40.741611,116.417209,26211,2534
37,2018-06-04 23:10:21,1528168221.9634986,1,40.641611,116.367209,40.791611,116.367209,38451,5187,40.691611,116.317209,40.741611,116.417209,19990,2286,40.716611,116.317209,40.716611,116.417209,13577,1326,40.741611,116.317209,40.691611,116.417209,28997,3591,40.791611,116.367209,40.641611,116.367209,38451,5386,40.741611,116.417209,40.691611,116.317209,19990,2488,40.716611,116.417209,40.716611,116.317209,13686,1229,40.691611,116.417209,40.741611,116.317209,28997,3567
38,2018-06-04 23:10:27,1528168227.9925814,0,40.641611,116.267209,40.791611,116.267209,53290,5009,40.691611,116.217209,40.741611,116.317209,37074,5330,40.716611,116.217209,40.716611,116.317209,20423,1804,40.741611,116.217209,40.691611,116.317209,20359,2028,40.791611,116.267209,40.641611,116.267209,43990,7262,40.741611,116.317209,40.691611,116.217209,37071,5244,40.716611,116.317209,40.716611,116.217209,20423,1765,40.691611,116.317209,40.741611,116.217209,20359,2000
39,2018-06-04 23:10:34,1528168234.0330522,0,40.641611,116.167209,40.791611,116.167209,48942,4257,40.691611,116.117209,40.741611,116.217209,47904,3834,40.716611,116.117209,40.716611,116.217209,47371,3678,40.741611,116.117209,40.691611,116.217209,23095,3019,40.791611,116.167209,40.641611,116.167209,48939,4158,40.741611,116.217209,40.691611,116.117209,47901,3658,40.716611,116.217209,40.716611,116.117209,47368,3510,40.691611,116.217209,40.741611,116.117209,23095,2928
40,2018-06-04 23:10:40,1528168240.461587,1,40.641611,116.067209,40.791611,116.067209,29490,4488,40.691611,116.017209,40.741611,116.117209,15634,881,40.716611,116.017209,40.716611,116.117209,15331,1089,40.741611,116.017209,40.691611,116.117209,15599,3035,40.791611,116.067209,40.641611,116.067209,29490,4283,40.741611,116.117209,40.691611,116.017209,15634,920,40.716611,116.117209,40.716611,116.017209,15331,1106,40.691611,116.117209,40.741611,116.017209,15599,3061
41,2018-06-04 23:10:46,1528168246.3733199,0,40.641611,115.967209,40.791611,115.967209,57886,3992,40.691611,115.917209,40.741611,116.017209,18139,3174,40.716611,115.917209,40.716611,116.017209,16090,1113,40.741611,115.917209,40.691611,116.017209,62444,4959,40.791611,115.967209,40.641611,115.967209,57884,4070,40.741611,116.017209,40.691611,115.917209,18141,3163,40.716611,116.017209,40.716611,115.917209,16092,1105,40.691611,116.017209,40.741611,115.917209,62446,4873
42,2018-06-04 23:10:52,1528168252.4215465,1,40.641611,115.867209,40.791611,115.867209,25600,4533,40.691611,115.817209,40.741611,115.917209,49280,5952,40.716611,115.817209,40.716611,115.917209,10216,625,40.741611,115.817209,40.691611,115.917209,14293,858,40.791611,115.867209,40.641611,115.867209,25600,4551,40.741611,115.917209,40.691611,115.817209,49280,6004,40.716611,115.917209,40.716611,115.817209,10216,617,40.691611,115.917209,40.741611,115.817209,14293,840
43,2018-06-04 23:10:58,1528168258.3589957,0,40.641611,115.767209,40.791611,115.767209,23416,2336,40.691611,115.717209,40.741611,115.817209,15889,975,40.716611,115.717209,40.716611,115.817209,10658,756,40.741611,115.717209,40.691611,115.817209,18250,2823,40.791611,115.767209,40.641611,115.767209,23416,2415,40.741611,115.817209,40.691611,115.717209,15889,998,40.716611,115.817209,40.716611,115.717209,10658,994,40.691611,115.817209,40.741611,115.717209,18250,2819
44,2018-06-04 23:11:04,1528168264.3283005,0,40.641611,115.667209,40.791611,115.667209,36386,3437,40.691611,115.617209,40.741611,115.717209,17413,1494,40.716611,115.617209,40.716611,115.717209,15035,1397,40.741611,115.617209,40.691611,115.717209,47101,3565,40.791611,115.667209,40.641611,115.667209,36386,3641,40.741611,115.717209,40.691611,115.617209,17413,1691,40.716611,115.717209,40.716611,115.617209,15035,1397,40.691611,115.717209,40.741611,115.617209,47101,3462
45,2018-06-04 23:11:10,1528168270.3129845,0,40.641611,115.567209,40.791611,115.567209,23667,2241,40.691611,115.517209,40.741611,115.617209,17636,2115,40.716611,115.517209,40.716611,115.617209,11243,1397,40.741611,115.517209,40.691611,115.617209,13478,1236,40.791611,115.567209,40.641611,115.567209,23610,2229,40.741611,115.617209,40.691611,115.517209,17636,2155,40.716611,115.617209,40.716611,115.517209,11243,1440,40.691611,115.617209,40.741611,115.517209,13535,1242
46,2018-06-04 23:11:16,1528168276.3099694,0,40.641611,115.467209,40.791611,115.467209,46137,4774,40.691611,115.417209,40.741611,115.517209,11053,1158,40.716611,115.417209,40.716611,115.517209,20739,2952,40.741611,115.417209,40.691611,115.517209,29498,3349,40.791611,115.467209,40.641611,115.467209,48346,4250,40.741611,115.517209,40.691611,115.417209,11053,740,40.716611,115.517209,40.716611,115.417209,29227,3164,40.691611,115.517209,40.741611,115.417209,29555,2988
47,2018-06-04 23:11:22,1528168282.4302983,2,40.541611,117.317209,40.691611,117.317209,56318,5987,40.591611,117.267209,40.641611,117.367209,15864,1478,40.616611,117.267209,40.616611,117.367209,14390,1634,40.641611,117.267209,40.591611,117.367209,20549,3421,40.691611,117.317209,40.541611,117.317209,55543,6107,40.641611,117.367209,40.591611,117.267209,15864,1425,40.616611,117.367209,40.616611,117.267209,15159,1630,40.591611,117.367209,40.641611,117.267209,20720,3435
48,2018-06-04 23:11:28,1528168288.5143178,0,40.541611,117.217209,40.691611,117.217209,48526,4316,40.591611,117.167209,40.641611,117.267209,18081,1050,40.616611,117.167209,40.616611,117.267209,18877,1994,40.641611,117.167209,40.591611,117.267209,19663,1953,40.691611,117.217209,40.541611,117.217209,47751,4531,40.641611,117.267209,40.591611,117.167209,17447,1008,40.616611,117.267209,40.616611,117.167209,24661,1977,40.591611,117.267209,40.641611,117.167209,19865,2259
49,2018-06-04 23:11:34,1528168294.525323,2,40.541611,117.117209,40.691611,117.117209,24868,2769,40.591611,117.067209,40.641611,117.167209,18707,1590,40.616611,117.067209,40.616611,117.167209,20655,2902,40.641611,117.067209,40.591611,117.167209,21940,1959,40.691611,117.117209,40.541611,117.117209,24848,3353,40.641611,117.167209,40.591611,117.067209,18707,1457,40.616611,117.167209,40.616611,117.067209,20628,2718,40.591611,117.167209,40.641611,117.067209,22133,1754
50,2018-06-04 23:11:40,1528168300.5164018,0,40.541611,117.017209,40.691611,117.017209,22263,3514,40.591611,116.967209,40.641611,117.067209,16650,2466,40.616611,116.967209,40.616611,117.067209,15770,3396,40.641611,116.967209,40.591611,117.067209,28245,2993,40.691611,117.017209,40.541611,117.017209,22263,3523,40.641611,117.067209,40.591611,116.967209,16650,2434,40.616611,117.067209,40.616611,116.967209,15797,3364,40.591611,117.067209,40.641611,116.967209,28245,2951
51,2018-06-04 23:11:46,1528168306.616989,2,40.541611,116.917209,40.691611,116.917209,24275,2456,40.591611,116.867209,40.641611,116.967209,33360,3635,40.616611,116.867209,40.616611,116.967209,25746,3309,40.641611,116.867209,40.591611,116.967209,23357,2821,40.691611,116.917209,40.541611,116.917209,24275,2532,40.641611,116.967209,40.591611,116.867209,33360,3554,40.616611,116.967209,40.616611,116.867209,25680,3280,40.591611,116.967209,40.641611,116.867209,23357,2767
52,2018-06-04 23:11:52,1528168312.7167392,2,40.541611,116.817209,40.691611,116.817209,28068,2517,40.591611,116.767209,40.641611,116.867209,23716,1923,40.616611,116.767209,40.616611,116.867209,20281,1647,40.641611,116.767209,40.591611,116.867209,31751,3574,40.691611,116.817209,40.541611,116.817209,28064,2650,40.641611,116.867209,40.591611,116.767209,24981,2435,40.616611,116.867209,40.616611,116.767209,20276,1638,40.591611,116.867209,40.641611,116.767209,31746,3543
53,2018-06-04 23:11:58,1528168318.773346,1,40.541611,116.717209,40.691611,116.717209,29426,3225,40.591611,116.667209,40.641611,116.767209,23560,2696,40.616611,116.667209,40.616611,116.767209,28477,2508,40.641611,116.667209,40.591611,116.767209,37490,3514,40.691611,116.717209,40.541611,116.717209,31604,4184,40.641611,116.767209,40.591611,116.667209,23576,2679,40.616611,116.767209,40.616611,116.667209,25759,2297,40.591611,116.767209,40.641611,116.667209,36990,3141
54,2018-06-04 23:12:05,1528168325.023743,2,40.541611,116.617209,40.691611,116.617209,38866,3645,40.591611,116.567209,40.641611,116.667209,25442,3791,40.616611,116.567209,40.616611,116.667209,23146,3564,40.641611,116.567209,40.591611,116.667209,41988,3401,40.691611,116.617209,40.541611,116.617209,39354,4268,40.641611,116.667209,40.591611,116.567209,25541,3914,40.616611,116.667209,40.616611,116.567209,20736,3551,40.591611,116.667209,40.641611,116.567209,43012,3577
55,2018-06-04 23:12:11,1528168331.0339234,0,40.541611,116.517209,40.691611,116.517209,58057,4211,40.591611,116.467209,40.641611,116.567209,38778,3991,40.616611,116.467209,40.616611,116.567209,65124,7529,40.641611,116.467209,40.591611,116.567209,55620,6653,40.691611,116.517209,40.541611,116.517209,57886,4365,40.641611,116.567209,40.591611,116.467209,38778,3836,40.616611,116.567209,40.616611,116.467209,65124,7548,40.591611,116.567209,40.641611,116.467209,55620,6636
56,2018-06-04 23:12:17,1528168337.1268003,0,40.541611,116.417209,40.691611,116.417209,37540,3169,40.591611,116.367209,40.641611,116.467209,36205,4629,40.616611,116.367209,40.616611,116.467209,42459,7935,40.641611,116.367209,40.591611,116.467209,55590,6407,40.691611,116.417209,40.541611,116.417209,37540,3367,40.641611,116.467209,40.591611,116.367209,36205,4840,40.616611,116.467209,40.616611,116.367209,42459,8095,40.591611,116.467209,40.641611,116.367209,55590,6298
57,2018-06-04 23:12:23,1528168343.313051,0,40.541611,116.317209,40.691611,116.317209,40280,4019,40.591611,116.267209,40.641611,116.367209,32555,3927,40.616611,116.267209,40.616611,116.367209,31837,6645,40.641611,116.267209,40.591611,116.367209,30218,3970,40.691611,116.317209,40.541611,116.317209,40134,3994,40.641611,116.367209,40.591611,116.267209,32520,3939,40.616611,116.367209,40.616611,116.267209,30906,6594,40.591611,116.367209,40.641611,116.267209,49806,8409
58,2018-06-04 23:12:29,1528168349.342207,1,40.541611,116.217209,40.691611,116.217209,42234,5738,40.591611,116.167209,40.641611,116.267209,38017,6167,40.616611,116.167209,40.616611,116.267209,28923,2920,40.641611,116.167209,40.591611,116.267209,28923,2515,40.691611,116.217209,40.541611,116.217209,42369,5797,40.641611,116.267209,40.591611,116.167209,17497,1648,40.616611,116.267209,40.616611,116.167209,28920,2768,40.591611,116.267209,40.641611,116.167209,28920,2292
59,2018-06-04 23:12:35,1528168355.4130037,0,40.541611,116.117209,40.691611,116.117209,43166,4017,40.591611,116.067209,40.641611,116.167209,17005,1900,40.616611,116.067209,40.616611,116.167209,20949,5231,40.641611,116.067209,40.591611,116.167209,50295,6111,40.691611,116.117209,40.541611,116.117209,43205,4031,40.641611,116.167209,40.591611,116.067209,17005,1964,40.616611,116.167209,40.616611,116.067209,20949,5292,40.591611,116.167209,40.641611,116.067209,50295,6131
60,2018-06-04 23:12:41,1528168361.4457912,0,40.541611,116.017209,40.691611,116.017209,50848,4025,40.591611,115.967209,40.641611,116.067209,9797,3355,40.616611,115.967209,40.616611,116.067209,63688,12608,40.641611,115.967209,40.591611,116.067209,52125,4650,40.691611,116.017209,40.541611,116.017209,50848,4002,40.641611,116.067209,40.591611,115.967209,9797,3355,40.616611,116.067209,40.616611,115.967209,63688,12586,40.591611,116.067209,40.641611,115.967209,52125,4676
61,2018-06-04 23:12:47,1528168367.6341193,0,40.541611,115.917209,40.691611,115.917209,84182,6819,40.591611,115.867209,40.641611,115.967209,28940,4831,40.616611,115.867209,40.616611,115.967209,51548,10745,40.641611,115.867209,40.591611,115.967209,50582,10342,40.691611,115.917209,40.541611,115.917209,75564,7431,40.641611,115.967209,40.591611,115.867209,82860,9135,40.616611,115.967209,40.616611,115.867209,51667,10781,40.591611,115.967209,40.641611,115.867209,50584,10337
62,2018-06-04 23:12:53,1528168373.834195,0,40.541611,115.817209,40.691611,115.817209,45383,4964,40.591611,115.767209,40.641611,115.867209,38511,5184,40.616611,115.767209,40.616611,115.867209,34568,4925,40.641611,115.767209,40.591611,115.867209,53409,6999,40.691611,115.817209,40.541611,115.817209,36475,6405,40.641611,115.867209,40.591611,115.767209,38511,5307,40.616611,115.867209,40.616611,115.767209,35522,5598,40.591611,115.867209,40.641611,115.767209,28513,4596
63,2018-06-04 23:12:59,1528168379.9306858,0,40.541611,115.717209,40.691611,115.717209,24166,2200,40.591611,115.667209,40.641611,115.767209,16290,892,40.616611,115.667209,40.616611,115.767209,20445,1686,40.641611,115.667209,40.591611,115.767209,22520,2726,40.691611,115.717209,40.541611,115.717209,24166,2173,40.641611,115.767209,40.591611,115.667209,16290,933,40.616611,115.767209,40.616611,115.667209,19374,1095,40.591611,115.767209,40.641611,115.667209,22520,2683
64,2018-06-04 23:13:05,1528168385.8532784,0,40.541611,115.617209,40.691611,115.617209,29462,2505,40.591611,115.567209,40.641611,115.667209,23198,2917,40.616611,115.567209,40.616611,115.667209,10028,876,40.641611,115.567209,40.591611,115.667209,14869,1423,40.691611,115.617209,40.541611,115.617209,29449,2427,40.641611,115.667209,40.591611,115.567209,23198,2929,40.616611,115.667209,40.616611,115.567209,10028,876,40.591611,115.667209,40.641611,115.567209,14869,1393
65,2018-06-04 23:13:11,1528168391.8052819,0,40.541611,115.517209,40.691611,115.517209,57031,6102,40.591611,115.467209,40.641611,115.567209,28569,3111,40.616611,115.467209,40.616611,115.567209,28140,2967,40.641611,115.467209,40.591611,115.567209,23443,2634,40.691611,115.517209,40.541611,115.517209,57018,5930,40.641611,115.567209,40.591611,115.467209,28569,3121,40.616611,115.567209,40.616611,115.467209,28140,2977,40.591611,115.567209,40.641611,115.467209,23443,2644
66,2018-06-04 23:13:17,1528168397.8600664,2,40.541611,115.417209,40.691611,115.417209,30920,3319,40.591611,115.367209,40.641611,115.467209,19135,2111,40.616611,115.367209,40.616611,115.467209,24815,3217,40.641611,115.367209,40.591611,115.467209,25117,3502,40.691611,115.417209,40.541611,115.417209,33132,3222,40.641611,115.467209,40.591611,115.367209,19135,2111,40.616611,115.467209,40.616611,115.367209,24815,3217,40.591611,115.467209,40.641611,115.367209,24795,3586
67,2018-06-04 23:13:23,1528168403.9235153,1,40.241611,117.267209,40.391611,117.267209,60216,4672,40.291611,117.217209,40.341611,117.317209,59594,6465,40.316611,117.217209,40.316611,117.317209,53893,5209,40.341611,117.217209,40.291611,117.317209,56805,4466,40.391611,117.267209,40.241611,117.267209,45301,5095,40.341611,117.317209,40.291611,117.217209,59591,6758,40.316611,117.317209,40.316611,117.217209,62512,5195,40.291611,117.317209,40.341611,117.217209,56805,4638
68,2018-06-04 23:13:30,1528168410.077489,2,40.241611,117.167209,40.391611,117.167209,37951,3457,40.291611,117.117209,40.341611,117.217209,16228,1466,40.316611,117.117209,40.316611,117.217209,14540,1520,40.341611,117.117209,40.291611,117.217209,26873,3366,40.391611,117.167209,40.241611,117.167209,38363,3653,40.341611,117.217209,40.291611,117.117209,16228,1501,40.316611,117.217209,40.316611,117.117209,13977,1585,40.291611,117.217209,40.341611,117.117209,26873,3271
69,2018-06-04 23:13:36,1528168416.1267886,3,40.241611,117.067209,40.391611,117.067209,30578,2887,40.291611,117.017209,40.341611,117.117209,16205,2308,40.316611,117.017209,40.316611,117.117209,13639,1752,40.341611,117.017209,40.291611,117.117209,30622,3249,40.391611,117.067209,40.241611,117.067209,49514,3502,40.341611,117.117209,40.291611,117.017209,16205,2365,40.316611,117.117209,40.316611,117.017209,13233,1591,40.291611,117.117209,40.341611,117.017209,30631,3135
70,2018-06-04 23:13:42,1528168422.12373,4,40.241611,116.967209,40.391611,116.967209,26439,2185,40.291611,116.917209,40.341611,117.017209,19281,2609,40.316611,116.917209,40.316611,117.017209,26870,2787,40.341611,116.917209,40.291611,117.017209,34060,2835,40.391611,116.967209,40.241611,116.967209,26439,2187,40.341611,117.017209,40.291611,116.917209,19285,2736,40.316611,117.017209,40.316611,116.917209,27142,2821,40.291611,117.017209,40.341611,116.917209,34041,2818
71,2018-06-04 23:13:48,1528168428.1323175,13,40.241611,116.867209,40.391611,116.867209,24934,2226,40.291611,116.817209,40.341611,116.917209,20581,1896,40.316611,116.817209,40.316611,116.917209,30022,2518,40.341611,116.817209,40.291611,116.917209,18814,1878,40.391611,116.867209,40.241611,116.867209,25233,2323,40.341611,116.917209,40.291611,116.817209,22602,1933,40.316611,116.917209,40.316611,116.817209,30017,2765,40.291611,116.917209,40.341611,116.817209,18977,2010
72,2018-06-04 23:13:54,1528168434.2145636,6,40.241611,116.767209,40.391611,116.767209,22237,2241,40.291611,116.717209,40.341611,116.817209,13435,953,40.316611,116.717209,40.316611,116.817209,14821,1224,40.341611,116.717209,40.291611,116.817209,19285,2002,40.391611,116.767209,40.241611,116.767209,22395,2332,40.341611,116.817209,40.291611,116.717209,13612,1020,40.316611,116.817209,40.316611,116.717209,14821,1252,40.291611,116.817209,40.341611,116.717209,22479,2148
73,2018-06-04 23:14:00,1528168440.2235844,56,40.241611,116.667209,40.391611,116.667209,22189,2311,40.291611,116.617209,40.341611,116.717209,14094,1298,40.316611,116.617209,40.316611,116.717209,10952,1337,40.341611,116.617209,40.291611,116.717209,13286,1424,40.391611,116.667209,40.241611,116.667209,22547,2381,40.341611,116.717209,40.291611,116.617209,13270,1289,40.316611,116.717209,40.316611,116.617209,10773,1441,40.291611,116.717209,40.341611,116.617209,15138,1446
74,2018-06-04 23:14:06,1528168446.235017,8,40.241611,116.567209,40.391611,116.567209,22671,1925,40.291611,116.517209,40.341611,116.617209,18137,2505,40.316611,116.517209,40.316611,116.617209,17021,2474,40.341611,116.517209,40.291611,116.617209,15705,1440,40.391611,116.567209,40.241611,116.567209,22676,1896,40.341611,116.617209,40.291611,116.517209,17527,2194,40.316611,116.617209,40.316611,116.517209,17041,2316,40.291611,116.617209,40.341611,116.517209,15708,1321
75,2018-06-04 23:14:12,1528168452.2463355,0,40.241611,116.467209,40.391611,116.467209,27289,2532,40.291611,116.417209,40.341611,116.517209,33848,2780,40.316611,116.417209,40.316611,116.517209,35250,3406,40.341611,116.417209,40.291611,116.517209,22514,2153,40.391611,116.467209,40.241611,116.467209,27316,2561,40.341611,116.517209,40.291611,116.417209,33848,2733,40.316611,116.517209,40.316611,116.417209,35250,3348,40.291611,116.517209,40.341611,116.417209,22516,2279
76,2018-06-04 23:14:18,1528168458.2723358,5,40.241611,116.367209,40.391611,116.367209,33375,2953,40.291611,116.317209,40.341611,116.417209,18826,2406,40.316611,116.317209,40.316611,116.417209,15264,1523,40.341611,116.317209,40.291611,116.417209,37537,3744,40.391611,116.367209,40.241611,116.367209,33833,2720,40.341611,116.417209,40.291611,116.317209,45530,6021,40.316611,116.417209,40.316611,116.317209,15275,1515,40.291611,116.417209,40.341611,116.317209,37542,3796
77,2018-06-04 23:14:24,1528168464.202422,8,40.241611,116.267209,40.391611,116.267209,28431,2889,40.291611,116.217209,40.341611,116.317209,13806,2061,40.316611,116.217209,40.316611,116.317209,29904,2820,40.341611,116.217209,40.291611,116.317209,28576,5618,40.391611,116.267209,40.241611,116.267209,28431,2719,40.341611,116.317209,40.291611,116.217209,13806,1992,40.316611,116.317209,40.316611,116.217209,31418,2994,40.291611,116.317209,40.341611,116.217209,30332,3919
78,2018-06-04 23:14:30,1528168470.290611,1,40.241611,116.167209,40.391611,116.167209,44022,3736,40.291611,116.117209,40.341611,116.217209,31023,3835,40.316611,116.117209,40.316611,116.217209,33962,2871,40.341611,116.117209,40.291611,116.217209,25811,3009,40.391611,116.167209,40.241611,116.167209,35080,3917,40.341611,116.217209,40.291611,116.117209,29858,3934,40.316611,116.217209,40.316611,116.117209,31848,3502,40.291611,116.217209,40.341611,116.117209,36601,3192
79,2018-06-04 23:14:36,1528168476.4633563,0,40.241611,116.067209,40.391611,116.067209,43855,5444,40.291611,116.017209,40.341611,116.117209,64038,5406,40.316611,116.017209,40.316611,116.117209,30174,3842,40.341611,116.017209,40.291611,116.117209,15279,2084,40.391611,116.067209,40.241611,116.067209,45473,6060,40.341611,116.117209,40.291611,116.017209,35884,4449,40.316611,116.117209,40.316611,116.017209,30171,3895,40.291611,116.117209,40.341611,116.017209,15000,1999
80,2018-06-04 23:14:42,1528168482.5347457,0,40.241611,115.967209,40.391611,115.967209,47620,4262,40.291611,115.917209,40.341611,116.017209,18044,2511,40.316611,115.917209,40.316611,116.017209,54660,5804,40.341611,115.917209,40.291611,116.017209,50676,4953,40.391611,115.967209,40.241611,115.967209,50254,4382,40.341611,116.017209,40.291611,115.917209,18034,2435,40.316611,116.017209,40.316611,115.917209,50785,5092,40.291611,116.017209,40.341611,115.917209,48248,4532
81,2018-06-04 23:14:48,1528168488.6470513,1,40.241611,115.867209,40.391611,115.867209,29164,3319,40.291611,115.817209,40.341611,115.917209,16387,1587,40.316611,115.817209,40.316611,115.917209,11635,1264,40.341611,115.817209,40.291611,115.917209,20437,2424,40.391611,115.867209,40.241611,115.867209,29827,4132,40.341611,115.917209,40.291611,115.817209,15251,1436,40.316611,115.917209,40.316611,115.817209,11531,1295,40.291611,115.917209,40.341611,115.817209,20516,2384
82,2018-06-04 23:14:54,1528168494.6780574,3,40.241611,115.767209,40.391611,115.767209,53394,4009,40.291611,115.717209,40.341611,115.817209,12635,1284,40.316611,115.717209,40.316611,115.817209,10041,922,40.341611,115.717209,40.291611,115.817209,15104,1654,40.391611,115.767209,40.241611,115.767209,53887,4085,40.341611,115.817209,40.291611,115.717209,12635,1146,40.316611,115.817209,40.316611,115.717209,10042,789,40.291611,115.817209,40.341611,115.717209,15104,1529
83,2018-06-04 23:15:00,1528168500.615942,1,40.241611,115.667209,40.391611,115.667209,44129,3962,40.291611,115.617209,40.341611,115.717209,13172,1658,40.316611,115.617209,40.316611,115.717209,42723,3242,40.341611,115.617209,40.291611,115.717209,42157,3302,40.391611,115.667209,40.241611,115.667209,44135,4197,40.341611,115.717209,40.291611,115.617209,13172,1600,40.316611,115.717209,40.316611,115.617209,42204,3347,40.291611,115.717209,40.341611,115.617209,41638,3352
84,2018-06-04 23:15:06,1528168506.6158483,1,40.241611,115.567209,40.391611,115.567209,23207,1913,40.291611,115.517209,40.341611,115.617209,28022,2912,40.316611,115.517209,40.316611,115.617209,20873,2700,40.341611,115.517209,40.291611,115.617209,27735,2445,40.391611,115.567209,40.241611,115.567209,23211,2080,40.341611,115.617209,40.291611,115.517209,28020,2997,40.316611,115.617209,40.316611,115.517209,20873,2761,40.291611,115.617209,40.341611,115.517209,27735,2204
85,2018-06-04 23:15:12,1528168512.5632498,0,40.241611,115.467209,40.391611,115.467209,30247,2492,40.291611,115.417209,40.341611,115.517209,19075,1828,40.316611,115.417209,40.316611,115.517209,17643,2390,40.341611,115.417209,40.291611,115.517209,20027,1900,40.391611,115.467209,40.241611,115.467209,30257,2657,40.341611,115.517209,40.291611,115.417209,19075,1978,40.316611,115.517209,40.316611,115.417209,17643,2449,40.291611,115.517209,40.341611,115.417209,20027,1943
86,2018-06-04 23:15:18,1528168518.5636888,4,40.141611,117.317209,40.291611,117.317209,23028,3777,40.191611,117.267209,40.241611,117.367209,14922,2257,40.216611,117.267209,40.216611,117.367209,12821,1356,40.241611,117.267209,40.191611,117.367209,15405,1138,40.291611,117.317209,40.141611,117.317209,23043,3855,40.241611,117.367209,40.191611,117.267209,14922,2325,40.216611,117.367209,40.216611,117.267209,12821,1446,40.191611,117.367209,40.241611,117.267209,15308,1916
87,2018-06-04 23:15:24,1528168524.5607839,8,40.141611,117.217209,40.291611,117.217209,27888,2536,40.191611,117.167209,40.241611,117.267209,13262,1837,40.216611,117.167209,40.216611,117.267209,12675,1221,40.241611,117.167209,40.191611,117.267209,14271,1123,40.291611,117.217209,40.141611,117.217209,25021,2466,40.241611,117.267209,40.191611,117.167209,12516,1061,40.216611,117.267209,40.216611,117.167209,12243,1279,40.191611,117.267209,40.241611,117.167209,14683,1369
88,2018-06-04 23:15:30,1528168530.4976594,16,40.141611,117.117209,40.291611,117.117209,19116,1977,40.191611,117.067209,40.241611,117.167209,19846,1724,40.216611,117.067209,40.216611,117.167209,15117,1553,40.241611,117.067209,40.191611,117.167209,23748,2233,40.291611,117.117209,40.141611,117.117209,19370,2035,40.241611,117.167209,40.191611,117.067209,19434,1487,40.216611,117.167209,40.216611,117.067209,15117,1573,40.191611,117.167209,40.241611,117.067209,19627,2175
89,2018-06-04 23:15:36,1528168536.5355341,12,40.141611,117.017209,40.291611,117.017209,17630,1665,40.191611,116.967209,40.241611,117.067209,14996,1647,40.216611,116.967209,40.216611,117.067209,13510,1790,40.241611,116.967209,40.191611,117.067209,14520,1374,40.291611,117.017209,40.141611,117.017209,17628,1591,40.241611,117.067209,40.191611,116.967209,14744,1602,40.216611,117.067209,40.216611,116.967209,13582,1800,40.191611,117.067209,40.241611,116.967209,14520,1419
90,2018-06-04 23:15:42,1528168542.5060706,3,40.141611,116.917209,40.291611,116.917209,24174,2428,40.191611,116.867209,40.241611,116.967209,22735,1924,40.216611,116.867209,40.216611,116.967209,13977,1616,40.241611,116.867209,40.191611,116.967209,14022,1234,40.291611,116.917209,40.141611,116.917209,24174,2344,40.241611,116.967209,40.191611,116.867209,22735,1854,40.216611,116.967209,40.216611,116.867209,13905,1520,40.191611,116.967209,40.241611,116.867209,14022,1192
91,2018-06-04 23:15:48,1528168548.4527357,13,40.141611,116.817209,40.291611,116.817209,20562,1987,40.191611,116.767209,40.241611,116.867209,16765,1339,40.216611,116.767209,40.216611,116.867209,15625,1307,40.241611,116.767209,40.191611,116.867209,15335,1350,40.291611,116.817209,40.141611,116.817209,22798,1925,40.241611,116.867209,40.191611,116.767209,16385,1340,40.216611,116.867209,40.216611,116.767209,14430,1193,40.191611,116.867209,40.241611,116.767209,15335,1297
92,2018-06-04 23:15:54,1528168554.5160584,12,40.141611,116.717209,40.291611,116.717209,19551,1703,40.191611,116.667209,40.241611,116.767209,15386,1319,40.216611,116.667209,40.216611,116.767209,9774,1031,40.241611,116.667209,40.191611,116.767209,15007,1432,40.291611,116.717209,40.141611,116.717209,19558,1763,40.241611,116.767209,40.191611,116.667209,14103,1362,40.216611,116.767209,40.216611,116.667209,9440,1088,40.191611,116.767209,40.241611,116.667209,15052,1602
93,2018-06-04 23:16:00,1528168560.4220827,17,40.141611,116.617209,40.291611,116.617209,19157,1900,40.191611,116.567209,40.241611,116.667209,18266,1619,40.216611,116.567209,40.216611,116.667209,10047,1645,40.241611,116.567209,40.191611,116.667209,14089,1372,40.291611,116.617209,40.141611,116.617209,20272,1947,40.241611,116.667209,40.191611,116.567209,14569,1443,40.216611,116.667209,40.216611,116.567209,9833,1061,40.191611,116.667209,40.241611,116.567209,15342,1473
94,2018-06-04 23:16:06,1528168566.4609516,5,40.141611,116.517209,40.291611,116.517209,19161,2133,40.191611,116.467209,40.241611,116.567209,15365,1136,40.216611,116.467209,40.216611,116.567209,11271,1139,40.241611,116.467209,40.191611,116.567209,13640,1192,40.291611,116.517209,40.141611,116.517209,21424,2360,40.241611,116.567209,40.191611,116.467209,16529,1153,40.216611,116.567209,40.216611,116.467209,11253,1157,40.191611,116.567209,40.241611,116.467209,13662,1207
95,2018-06-04 23:16:12,1528168572.4765677,15,40.141611,116.417209,40.291611,116.417209,25331,2381,40.191611,116.367209,40.241611,116.467209,16072,1414,40.216611,116.367209,40.216611,116.467209,10659,912,40.241611,116.367209,40.191611,116.467209,15903,1498,40.291611,116.417209,40.141611,116.417209,27114,2738,40.241611,116.467209,40.191611,116.367209,16041,1475,40.216611,116.467209,40.216611,116.367209,10659,1004,40.191611,116.467209,40.241611,116.367209,16921,1514
96,2018-06-04 23:16:18,1528168578.5052354,15,40.141611,116.317209,40.291611,116.317209,23281,4471,40.191611,116.267209,40.241611,116.367209,12383,1287,40.216611,116.267209,40.216611,116.367209,9491,955,40.241611,116.267209,40.191611,116.367209,14550,1494,40.291611,116.317209,40.141611,116.317209,33779,3744,40.241611,116.367209,40.191611,116.267209,11926,1116,40.216611,116.367209,40.216611,116.267209,11752,1128,40.191611,116.367209,40.241611,116.267209,14552,1529
97,2018-06-04 23:16:24,1528168584.4496796,39,40.141611,116.217209,40.291611,116.217209,19823,1526,40.191611,116.167209,40.241611,116.267209,13592,1674,40.216611,116.167209,40.216611,116.267209,12429,1402,40.241611,116.167209,40.191611,116.267209,12826,1424,40.291611,116.217209,40.141611,116.217209,19853,1651,40.241611,116.267209,40.191611,116.167209,14019,1780,40.216611,116.267209,40.216611,116.167209,12085,1493,40.191611,116.267209,40.241611,116.167209,12403,1355
98,2018-06-04 23:16:30,1528168590.4671345,11,40.141611,116.117209,40.291611,116.117209,23603,3231,40.191611,116.067209,40.241611,116.167209,14657,1928,40.216611,116.067209,40.216611,116.167209,10783,1201,40.241611,116.067209,40.191611,116.167209,14121,2554,40.291611,116.117209,40.141611,116.117209,22667,2971,40.241611,116.167209,40.191611,116.067209,15503,1934,40.216611,116.167209,40.216611,116.067209,10781,1168,40.191611,116.167209,40.241611,116.067209,14122,2540
99,2018-06-04 23:16:36,1528168596.4366894,0,40.141611,116.017209,40.291611,116.017209,28796,3273,40.191611,115.967209,40.241611,116.067209,49059,7995,40.216611,115.967209,40.216611,116.067209,20150,1881,40.241611,115.967209,40.191611,116.067209,14245,1724,40.291611,116.017209,40.141611,116.017209,28790,3153,40.241611,116.067209,40.191611,115.967209,49053,8337,40.216611,116.067209,40.216611,115.967209,43962,4106,40.191611,116.067209,40.241611,115.967209,14105,1904
100,2018-06-04 23:16:42,1528168602.61576,0,40.141611,115.917209,40.291611,115.917209,61853,5811,40.191611,115.867209,40.241611,115.967209,40637,3913,40.216611,115.867209,40.216611,115.967209,31660,5197,40.241611,115.867209,40.191611,115.967209,34054,6150,40.291611,115.917209,40.141611,115.917209,64140,5745,40.241611,115.967209,40.191611,115.867209,40092,3949,40.216611,115.967209,40.216611,115.867209,31176,4458,40.191611,115.967209,40.241611,115.867209,34718,6268
101,2018-06-04 23:16:48,1528168608.647224,0,40.141611,115.817209,40.291611,115.817209,24611,1995,40.191611,115.767209,40.241611,115.867209,35309,4162,40.216611,115.767209,40.216611,115.867209,34973,5370,40.241611,115.767209,40.191611,115.867209,52200,5250,40.291611,115.817209,40.141611,115.817209,24611,2657,40.241611,115.867209,40.191611,115.767209,34642,3345,40.216611,115.867209,40.216611,115.767209,34970,4984,40.191611,115.867209,40.241611,115.767209,52197,4669
102,2018-06-04 23:16:54,1528168614.6630425,0,40.141611,115.717209,40.291611,115.717209,100135,7980,40.191611,115.667209,40.241611,115.767209,47611,4095,40.216611,115.667209,40.216611,115.767209,6988,1015,40.241611,115.667209,40.191611,115.767209,35000,3250,40.291611,115.717209,40.141611,115.717209,100099,8725,40.241611,115.767209,40.191611,115.667209,110503,12440,40.216611,115.767209,40.216611,115.667209,6988,1015,40.191611,115.767209,40.241611,115.667209,35000,3158
103,2018-06-04 23:17:01,1528168621.6251574,0,40.141611,115.617209,40.291611,115.617209,31919,3341,40.191611,115.567209,40.241611,115.667209,20557,2207,40.216611,115.567209,40.216611,115.667209,46380,5145,40.241611,115.567209,40.191611,115.667209,116953,12225,40.291611,115.617209,40.141611,115.617209,31969,3259,40.241611,115.667209,40.191611,115.567209,20557,2142,40.216611,115.667209,40.216611,115.567209,46380,4978,40.191611,115.667209,40.241611,115.567209,10568,1177
104,2018-06-04 23:17:08,1528168628.0801587,0,40.141611,115.517209,40.291611,115.517209,23067,1911,40.191611,115.467209,40.241611,115.567209,16583,1312,40.216611,115.467209,40.216611,115.567209,18438,2382,40.241611,115.467209,40.191611,115.567209,18504,1492,40.291611,115.517209,40.141611,115.517209,23067,1965,40.241611,115.567209,40.191611,115.467209,16583,1314,40.216611,115.567209,40.216611,115.467209,18438,2359,40.191611,115.567209,40.241611,115.467209,18504,1498
105,2018-06-04 23:17:14,1528168634.029141,1,40.141611,115.417209,40.291611,115.417209,19919,2220,40.191611,115.367209,40.241611,115.467209,13613,1539,40.216611,115.367209,40.216611,115.467209,12395,872,40.241611,115.367209,40.191611,115.467209,23220,2329,40.291611,115.417209,40.141611,115.417209,19919,2146,40.241611,115.467209,40.191611,115.367209,13613,1612,40.216611,115.467209,40.216611,115.367209,12395,932,40.191611,115.467209,40.241611,115.367209,23220,2318
106,2018-06-04 23:17:20,1528168640.0637124,4,39.841611,117.267209,39.991611,117.267209,18731,1542,39.891611,117.217209,39.941611,117.317209,16284,1900,39.916611,117.217209,39.916611,117.317209,12317,1376,39.941611,117.217209,39.891611,117.317209,15222,1541,39.991611,117.267209,39.841611,117.267209,18753,1747,39.941611,117.317209,39.891611,117.217209,15532,1947,39.916611,117.317209,39.916611,117.217209,12317,1400,39.891611,117.317209,39.941611,117.217209,15222,1566
107,2018-06-04 23:17:26,1528168646.057446,1,39.841611,117.167209,39.991611,117.167209,30993,2737,39.891611,117.117209,39.941611,117.217209,13634,2072,39.916611,117.117209,39.916611,117.217209,12143,1795,39.941611,117.117209,39.891611,117.217209,14877,2179,39.991611,117.167209,39.841611,117.167209,31518,2960,39.941611,117.217209,39.891611,117.117209,13634,2026,39.916611,117.217209,39.916611,117.117209,12143,1840,39.891611,117.217209,39.941611,117.117209,14877,2181
108,2018-06-04 23:17:31,1528168651.9577312,14,39.841611,117.067209,39.991611,117.067209,20017,2083,39.891611,117.017209,39.941611,117.117209,14583,1654,39.916611,117.017209,39.916611,117.117209,14137,1395,39.941611,117.017209,39.891611,117.117209,14690,1696,39.991611,117.067209,39.841611,117.067209,19908,2227,39.941611,117.117209,39.891611,117.017209,13875,1496,39.916611,117.117209,39.916611,117.017209,12975,1465,39.891611,117.117209,39.941611,117.017209,14690,1648
109,2018-06-04 23:17:37,1528168657.9594727,3,39.841611,116.967209,39.991611,116.967209,25375,2201,39.891611,116.917209,39.941611,117.017209,21032,1994,39.916611,116.917209,39.916611,117.017209,17420,1821,39.941611,116.917209,39.891611,117.017209,16875,2040,39.991611,116.967209,39.841611,116.967209,25501,2402,39.941611,117.017209,39.891611,116.917209,22408,1985,39.916611,117.017209,39.916611,116.917209,16649,1775,39.891611,117.017209,39.941611,116.917209,16456,1912
110,2018-06-04 23:17:44,1528168664.0056748,11,39.841611,116.867209,39.991611,116.867209,27432,2371,39.891611,116.817209,39.941611,116.917209,18016,1725,39.916611,116.817209,39.916611,116.917209,16037,1718,39.941611,116.817209,39.891611,116.917209,15099,1588,39.991611,116.867209,39.841611,116.867209,27417,2495,39.941611,116.917209,39.891611,116.817209,17998,1845,39.916611,116.917209,39.916611,116.817209,15914,1710,39.891611,116.917209,39.941611,116.817209,15626,1778
111,2018-06-04 23:17:49,1528168669.9553175,4,39.841611,116.767209,39.991611,116.767209,20643,1624,39.891611,116.717209,39.941611,116.817209,13871,1514,39.916611,116.717209,39.916611,116.817209,13404,1495,39.941611,116.717209,39.891611,116.817209,15609,2084,39.991611,116.767209,39.841611,116.767209,20636,1611,39.941611,116.817209,39.891611,116.717209,14643,1667,39.916611,116.817209,39.916611,116.717209,14756,1535,39.891611,116.817209,39.941611,116.717209,15168,2275
112,2018-06-04 23:17:55,1528168675.937198,64,39.841611,116.667209,39.991611,116.667209,22562,2700,39.891611,116.617209,39.941611,116.717209,16111,1825,39.916611,116.617209,39.916611,116.717209,10612,1093,39.941611,116.617209,39.891611,116.717209,12577,1353,39.991611,116.667209,39.841611,116.667209,23248,2302,39.941611,116.717209,39.891611,116.617209,15745,1712,39.916611,116.717209,39.916611,116.617209,14208,1078,39.891611,116.717209,39.941611,116.617209,13125,1369
113,2018-06-04 23:18:01,1528168681.9418812,58,39.841611,116.567209,39.991611,116.567209,27710,2709,39.891611,116.517209,39.941611,116.617209,17191,1368,39.916611,116.517209,39.916611,116.617209,10694,1809,39.941611,116.517209,39.891611,116.617209,13971,1384,39.991611,116.567209,39.841611,116.567209,24641,3210,39.941611,116.617209,39.891611,116.517209,18087,1413,39.916611,116.617209,39.916611,116.517209,9161,1580,39.891611,116.617209,39.941611,116.517209,16855,1526
114,2018-06-04 23:18:07,1528168687.9448595,452,39.841611,116.467209,39.991611,116.467209,19966,2448,39.891611,116.417209,39.941611,116.517209,14585,2265,39.916611,116.417209,39.916611,116.517209,9783,2204,39.941611,116.417209,39.891611,116.517209,14004,1945,39.991611,116.467209,39.841611,116.467209,21578,2696,39.941611,116.517209,39.891611,116.417209,13492,2008,39.916611,116.517209,39.916611,116.417209,11074,2335,39.891611,116.517209,39.941611,116.417209,14466,2458
115,2018-06-04 23:18:14,1528168694.0171556,823,39.841611,116.367209,39.991611,116.367209,32860,2434,39.891611,116.317209,39.941611,116.417209,16678,3302,39.916611,116.317209,39.916611,116.417209,13151,3504,39.941611,116.317209,39.891611,116.417209,16247,2381,39.991611,116.367209,39.841611,116.367209,32595,2104,39.941611,116.417209,39.891611,116.317209,16452,2945,39.916611,116.417209,39.916611,116.317209,10765,2850,39.891611,116.417209,39.941611,116.317209,14316,2207
116,2018-06-04 23:18:20,1528168700.047541,406,39.841611,116.267209,39.991611,116.267209,28536,4286,39.891611,116.217209,39.941611,116.317209,16438,1342,39.916611,116.217209,39.916611,116.317209,15421,2668,39.941611,116.217209,39.891611,116.317209,19721,1923,39.991611,116.267209,39.841611,116.267209,23709,3663,39.941611,116.317209,39.891611,116.217209,14304,1378,39.916611,116.317209,39.916611,116.217209,13913,2865,39.891611,116.317209,39.941611,116.217209,16704,1743
117,2018-06-04 23:18:26,1528168706.1228302,88,39.841611,116.167209,39.991611,116.167209,28491,5234,39.891611,116.117209,39.941611,116.217209,17384,1269,39.916611,116.117209,39.916611,116.217209,15708,1426,39.941611,116.117209,39.891611,116.217209,16184,1167,39.991611,116.167209,39.841611,116.167209,28583,5202,39.941611,116.217209,39.891611,116.117209,15882,1068,39.916611,116.217209,39.916611,116.117209,14849,1311,39.891611,116.217209,39.941611,116.117209,18205,1282
118,2018-06-04 23:18:32,1528168712.1714845,19,39.841611,116.067209,39.991611,116.067209,28807,1696,39.891611,116.017209,39.941611,116.117209,19615,1803,39.916611,116.017209,39.916611,116.117209,23775,4506,39.941611,116.017209,39.891611,116.117209,17976,3752,39.991611,116.067209,39.841611,116.067209,31331,3114,39.941611,116.117209,39.891611,116.017209,19174,1820,39.916611,116.117209,39.916611,116.017209,23576,4617,39.891611,116.117209,39.941611,116.017209,18365,3721
119,2018-06-04 23:18:38,1528168718.2339292,0,39.841611,115.967209,39.991611,115.967209,53122,4214,39.891611,115.917209,39.941611,116.017209,54765,8128,39.916611,115.917209,39.916611,116.017209,40659,7720,39.941611,115.917209,39.891611,116.017209,39714,3603,39.991611,115.967209,39.841611,115.967209,42992,3424,39.941611,116.017209,39.891611,115.917209,54752,7904,39.916611,116.017209,39.916611,115.917209,41048,7446,39.891611,116.017209,39.941611,115.917209,39612,3652
120,2018-06-04 23:18:44,1528168724.469021,0,39.841611,115.867209,39.991611,115.867209,85199,8637,39.891611,115.817209,39.941611,115.917209,91040,8871,39.916611,115.817209,39.916611,115.917209,41444,5562,39.941611,115.817209,39.891611,115.917209,111919,10473,39.991611,115.867209,39.841611,115.867209,89788,7945,39.941611,115.917209,39.891611,115.817209,82758,7943,39.916611,115.917209,39.916611,115.817209,48010,7974,39.891611,115.917209,39.941611,115.817209,107294,11003
121,2018-06-04 23:18:52,1528168732.0223062,2,39.841611,115.767209,39.991611,115.767209,107262,8507,39.891611,115.717209,39.941611,115.817209,131207,12013,39.916611,115.717209,39.916611,115.817209,55967,8427,39.941611,115.717209,39.891611,115.817209,122237,9703,39.991611,115.767209,39.841611,115.767209,112836,7925,39.941611,115.817209,39.891611,115.717209,136837,11456,39.916611,115.817209,39.916611,115.717209,49562,6001,39.891611,115.817209,39.941611,115.717209,115187,10607
122,2018-06-04 23:19:00,1528168740.1107879,2,39.841611,115.667209,39.991611,115.667209,131024,12273,39.891611,115.617209,39.941611,115.717209,25311,2495,39.916611,115.617209,39.916611,115.717209,137226,12300,39.941611,115.617209,39.891611,115.717209,128025,10792,39.991611,115.667209,39.841611,115.667209,136361,11407,39.941611,115.717209,39.891611,115.617209,21155,1838,39.916611,115.717209,39.916611,115.617209,137140,12306,39.891611,115.717209,39.941611,115.617209,127939,10875
123,2018-06-04 23:19:08,1528168748.2952447,0,39.841611,115.567209,39.991611,115.567209,25390,2071,39.891611,115.517209,39.941611,115.617209,22239,2030,39.916611,115.517209,39.916611,115.617209,17499,1946,39.941611,115.517209,39.891611,115.617209,16322,1690,39.991611,115.567209,39.841611,115.567209,25744,2297,39.941611,115.617209,39.891611,115.517209,22239,1856,39.916611,115.617209,39.916611,115.517209,17499,1911,39.891611,115.617209,39.941611,115.517209,16545,1609
124,2018-06-04 23:19:14,1528168754.2893617,1,39.841611,115.467209,39.991611,115.467209,24710,1968,39.891611,115.417209,39.941611,115.517209,23629,2500,39.916611,115.417209,39.916611,115.517209,14660,2906,39.941611,115.417209,39.891611,115.517209,44788,3142,39.991611,115.467209,39.841611,115.467209,24710,1994,39.941611,115.517209,39.891611,115.417209,23406,2453,39.916611,115.517209,39.916611,115.417209,14660,2858,39.891611,115.517209,39.941611,115.417209,44430,3641
125,2018-06-04 23:19:20,1528168760.327456,3,39.741611,117.317209,39.891611,117.317209,26203,2180,39.791611,117.267209,39.841611,117.367209,24158,1989,39.816611,117.267209,39.816611,117.367209,14136,2092,39.841611,117.267209,39.791611,117.367209,11769,1329,39.891611,117.317209,39.741611,117.317209,26191,2253,39.841611,117.367209,39.791611,117.267209,20796,1661,39.816611,117.367209,39.816611,117.267209,12922,1724,39.791611,117.367209,39.841611,117.267209,11108,1064
126,2018-06-04 23:19:26,1528168766.2569764,0,39.741611,117.217209,39.891611,117.217209,23267,2418,39.791611,117.167209,39.841611,117.267209,19763,1725,39.816611,117.167209,39.816611,117.267209,12019,1330,39.841611,117.167209,39.791611,117.267209,13733,1427,39.891611,117.217209,39.741611,117.217209,23265,2604,39.841611,117.267209,39.791611,117.167209,19765,1905,39.816611,117.267209,39.816611,117.167209,12019,1384,39.791611,117.267209,39.841611,117.167209,13733,1444
127,2018-06-04 23:19:32,1528168772.1155446,4,39.741611,117.117209,39.891611,117.117209,27843,2548,39.791611,117.067209,39.841611,117.167209,24240,2290,39.816611,117.067209,39.816611,117.167209,23669,2322,39.841611,117.067209,39.791611,117.167209,21818,2209,39.891611,117.117209,39.741611,117.117209,28539,2650,39.841611,117.167209,39.791611,117.067209,24240,2381,39.816611,117.167209,39.816611,117.067209,23697,2446,39.791611,117.167209,39.841611,117.067209,21819,2162
128,2018-06-04 23:19:38,1528168778.0643737,9,39.741611,117.017209,39.891611,117.017209,25953,2800,39.791611,116.967209,39.841611,117.067209,17002,1728,39.816611,116.967209,39.816611,117.067209,16042,1723,39.841611,116.967209,39.791611,117.067209,14312,1421,39.891611,117.017209,39.741611,117.017209,26468,3021,39.841611,117.067209,39.791611,116.967209,18202,1818,39.816611,117.067209,39.816611,116.967209,16013,1661,39.791611,117.067209,39.841611,116.967209,14408,1577
129,2018-06-04 23:19:44,1528168784.051897,3,39.741611,116.917209,39.891611,116.917209,28027,2456,39.791611,116.867209,39.841611,116.967209,22827,1637,39.816611,116.867209,39.816611,116.967209,15040,1311,39.841611,116.867209,39.791611,116.967209,14850,1483,39.891611,116.917209,39.741611,116.917209,28069,2512,39.841611,116.967209,39.791611,116.867209,23004,1884,39.816611,116.967209,39.816611,116.867209,14753,1357,39.791611,116.967209,39.841611,116.867209,14197,1468
130,2018-06-04 23:19:50,1528168790.0315928,7,39.741611,116.817209,39.891611,116.817209,37097,3267,39.791611,116.767209,39.841611,116.867209,17218,2199,39.816611,116.767209,39.816611,116.867209,10689,1055,39.841611,116.767209,39.791611,116.867209,13792,1284,39.891611,116.817209,39.741611,116.817209,37776,3529,39.841611,116.867209,39.791611,116.767209,16468,2074,39.816611,116.867209,39.816611,116.767209,10280,992,39.791611,116.867209,39.841611,116.767209,13531,1179
131,2018-06-04 23:19:56,1528168796.0396466,11,39.741611,116.717209,39.891611,116.717209,26339,1770,39.791611,116.667209,39.841611,116.767209,21214,1865,39.816611,116.667209,39.816611,116.767209,16805,1656,39.841611,116.667209,39.791611,116.767209,23992,2025,39.891611,116.717209,39.741611,116.717209,27069,1735,39.841611,116.767209,39.791611,116.667209,20803,1967,39.816611,116.767209,39.816611,116.667209,23158,1903,39.791611,116.767209,39.841611,116.667209,15527,1608
132,2018-06-04 23:20:01,1528168801.984736,11,39.741611,116.617209,39.891611,116.617209,23352,2751,39.791611,116.567209,39.841611,116.667209,15666,1375,39.816611,116.567209,39.816611,116.667209,14283,1649,39.841611,116.567209,39.791611,116.667209,16258,1677,39.891611,116.617209,39.741611,116.617209,25036,2562,39.841611,116.667209,39.791611,116.567209,14642,1422,39.816611,116.667209,39.816611,116.567209,14079,1588,39.791611,116.667209,39.841611,116.567209,16258,1705
133,2018-06-04 23:20:08,1528168808.0217192,42,39.741611,116.517209,39.891611,116.517209,34130,2203,39.791611,116.467209,39.841611,116.567209,19382,1796,39.816611,116.467209,39.816611,116.567209,12678,1335,39.841611,116.467209,39.791611,116.567209,13006,1362,39.891611,116.517209,39.741611,116.517209,32473,2449,39.841611,116.567209,39.791611,116.467209,21460,1766,39.816611,116.567209,39.816611,116.467209,12109,1259,39.791611,116.567209,39.841611,116.467209,13231,1497
134,2018-06-04 23:20:14,1528168814.084346,209,39.741611,116.417209,39.891611,116.417209,18015,1843,39.791611,116.367209,39.841611,116.467209,14680,1721,39.816611,116.367209,39.816611,116.467209,13131,1480,39.841611,116.367209,39.791611,116.467209,16351,1235,39.891611,116.417209,39.741611,116.417209,19506,1677,39.841611,116.467209,39.791611,116.367209,14320,1293,39.816611,116.467209,39.816611,116.367209,12262,1379,39.791611,116.467209,39.841611,116.367209,15372,1163
135,2018-06-04 23:20:20,1528168820.110026,152,39.741611,116.317209,39.891611,116.317209,23826,2743,39.791611,116.267209,39.841611,116.367209,17261,1236,39.816611,116.267209,39.816611,116.367209,13832,1511,39.841611,116.267209,39.791611,116.367209,16103,1614,39.891611,116.317209,39.741611,116.317209,25194,2957,39.841611,116.367209,39.791611,116.267209,16838,1186,39.816611,116.367209,39.816611,116.267209,13045,1382,39.791611,116.367209,39.841611,116.267209,14952,1557
136,2018-06-04 23:20:26,1528168826.2345786,30,39.741611,116.217209,39.891611,116.217209,25007,1571,39.791611,116.167209,39.841611,116.267209,16253,1818,39.816611,116.167209,39.816611,116.267209,21440,1982,39.841611,116.167209,39.791611,116.267209,15458,1576,39.891611,116.217209,39.741611,116.217209,25886,1621,39.841611,116.267209,39.791611,116.167209,17232,1794,39.816611,116.267209,39.816611,116.167209,22291,1963,39.791611,116.267209,39.841611,116.167209,18620,1799
137,2018-06-04 23:20:32,1528168832.187263,8,39.741611,116.117209,39.891611,116.117209,26286,1742,39.791611,116.067209,39.841611,116.167209,18666,2461,39.816611,116.067209,39.816611,116.167209,10372,1110,39.841611,116.067209,39.791611,116.167209,14809,1605,39.891611,116.117209,39.741611,116.117209,25595,1639,39.841611,116.167209,39.791611,116.067209,19007,2470,39.816611,116.167209,39.816611,116.067209,10454,1189,39.791611,116.167209,39.841611,116.067209,17421,3167
138,2018-06-04 23:20:38,1528168838.12478,5,39.741611,116.017209,39.891611,116.017209,27964,2233,39.791611,115.967209,39.841611,116.067209,23881,3370,39.816611,115.967209,39.816611,116.067209,13058,1259,39.841611,115.967209,39.791611,116.067209,18834,2150,39.891611,116.017209,39.741611,116.017209,27809,2171,39.841611,116.067209,39.791611,115.967209,21552,1913,39.816611,116.067209,39.816611,115.967209,13058,1146,39.791611,116.067209,39.841611,115.967209,18162,2111
139,2018-06-04 23:20:44,1528168844.093597,7,39.741611,115.917209,39.891611,115.917209,39831,4743,39.791611,115.867209,39.841611,115.967209,22435,2173,39.816611,115.867209,39.816611,115.967209,14376,1140,39.841611,115.867209,39.791611,115.967209,17516,1607,39.891611,115.917209,39.741611,115.917209,39340,4800,39.841611,115.967209,39.791611,115.867209,22313,2031,39.816611,115.967209,39.816611,115.867209,16059,1066,39.791611,115.967209,39.841611,115.867209,17716,1384
140,2018-06-04 23:20:50,1528168850.1164923,1,39.741611,115.817209,39.891611,115.817209,36671,4321,39.791611,115.767209,39.841611,115.867209,22013,1486,39.816611,115.767209,39.816611,115.867209,12135,796,39.841611,115.767209,39.791611,115.867209,20668,2029,39.891611,115.817209,39.741611,115.817209,36844,4449,39.841611,115.867209,39.791611,115.767209,22013,1508,39.816611,115.867209,39.816611,115.767209,12123,861,39.791611,115.867209,39.841611,115.767209,20668,2032
141,2018-06-04 23:20:56,1528168856.1969547,1,39.741611,115.717209,39.891611,115.717209,42013,4192,39.791611,115.667209,39.841611,115.767209,26946,5535,39.816611,115.667209,39.816611,115.767209,17078,1551,39.841611,115.667209,39.791611,115.767209,20326,1863,39.891611,115.717209,39.741611,115.717209,42025,4185,39.841611,115.767209,39.791611,115.667209,26946,5662,39.816611,115.767209,39.816611,115.667209,17078,1552,39.791611,115.767209,39.841611,115.667209,20314,1835
142,2018-06-04 23:21:02,1528168862.2180784,1,39.741611,115.617209,39.891611,115.617209,84064,7134,39.791611,115.567209,39.841611,115.667209,62328,4893,39.816611,115.567209,39.816611,115.667209,74716,8921,39.841611,115.567209,39.791611,115.667209,120753,12890,39.891611,115.617209,39.741611,115.617209,84162,6967,39.841611,115.667209,39.791611,115.567209,62340,5075,39.816611,115.667209,39.816611,115.567209,74728,9144,39.791611,115.667209,39.841611,115.567209,121009,13018
143,2018-06-04 23:21:10,1528168870.227034,0,39.741611,115.517209,39.891611,115.517209,60667,5407,39.791611,115.467209,39.841611,115.567209,54287,4765,39.816611,115.467209,39.816611,115.567209,73321,9587,39.841611,115.467209,39.791611,115.567209,37467,3192,39.891611,115.517209,39.741611,115.517209,60802,5401,39.841611,115.567209,39.791611,115.467209,54031,4456,39.816611,115.567209,39.816611,115.467209,73223,9425,39.791611,115.567209,39.841611,115.467209,37369,3073
144,2018-06-04 23:21:16,1528168876.8675392,0,39.741611,115.417209,39.891611,115.417209,21120,1847,39.791611,115.367209,39.841611,115.467209,13287,1318,39.816611,115.367209,39.816611,115.467209,18641,2740,39.841611,115.367209,39.791611,115.467209,20692,1748,39.891611,115.417209,39.741611,115.417209,22688,2290,39.841611,115.467209,39.791611,115.367209,13840,1491,39.816611,115.467209,39.816611,115.367209,18641,2750,39.791611,115.467209,39.841611,115.367209,20594,1741
145,2018-06-04 23:21:22,1528168882.8660996,1,39.441611,117.267209,39.591611,117.267209,22327,1684,39.491611,117.217209,39.541611,117.317209,20555,2319,39.516611,117.217209,39.516611,117.317209,17616,1870,39.541611,117.217209,39.491611,117.317209,15230,2041,39.591611,117.267209,39.441611,117.267209,22328,1690,39.541611,117.317209,39.491611,117.217209,20558,2426,39.516611,117.317209,39.516611,117.217209,17619,1925,39.491611,117.317209,39.541611,117.217209,15234,2076
146,2018-06-04 23:21:28,1528168888.8009434,9,39.441611,117.167209,39.591611,117.167209,21350,2102,39.491611,117.117209,39.541611,117.217209,14297,1347,39.516611,117.117209,39.516611,117.217209,16635,1976,39.541611,117.117209,39.491611,117.217209,13610,1546,39.591611,117.167209,39.441611,117.167209,21352,2184,39.541611,117.217209,39.491611,117.117209,15460,1493,39.516611,117.217209,39.516611,117.117209,16638,2015,39.491611,117.217209,39.541611,117.117209,13610,1641
147,2018-06-04 23:21:34,1528168894.718227,8,39.441611,117.067209,39.591611,117.067209,22080,1788,39.491611,117.017209,39.541611,117.117209,15379,1353,39.516611,117.017209,39.516611,117.117209,14796,1826,39.541611,117.017209,39.491611,117.117209,18208,1609,39.591611,117.067209,39.441611,117.067209,22003,1864,39.541611,117.117209,39.491611,117.017209,16263,1409,39.516611,117.117209,39.516611,117.017209,22452,2257,39.491611,117.117209,39.541611,117.017209,18206,1607
148,2018-06-04 23:21:40,1528168900.6527555,7,39.441611,116.967209,39.591611,116.967209,23937,1426,39.491611,116.917209,39.541611,117.017209,46947,3013,39.516611,116.917209,39.516611,117.017209,37265,2143,39.541611,116.917209,39.491611,117.017209,13890,1269,39.591611,116.967209,39.441611,116.967209,21869,1380,39.541611,117.017209,39.491611,116.917209,36907,2208,39.516611,117.017209,39.516611,116.917209,10467,816,39.491611,117.017209,39.541611,116.917209,13339,1224
149,2018-06-04 23:21:46,1528168906.7111835,3,39.441611,116.867209,39.591611,116.867209,30092,2581,39.491611,116.817209,39.541611,116.917209,18933,1818,39.516611,116.817209,39.516611,116.917209,9637,978,39.541611,116.817209,39.491611,116.917209,49942,2736,39.591611,116.867209,39.441611,116.867209,26901,2403,39.541611,116.917209,39.491611,116.817209,18924,1713,39.516611,116.917209,39.516611,116.817209,33880,2203,39.491611,116.917209,39.541611,116.817209,26884,1651
150,2018-06-04 23:21:52,1528168912.756672,26,39.441611,116.767209,39.591611,116.767209,19115,1791,39.491611,116.717209,39.541611,116.817209,17438,1825,39.516611,116.717209,39.516611,116.817209,9516,1281,39.541611,116.717209,39.491611,116.817209,14751,1367,39.591611,116.767209,39.441611,116.767209,19583,1924,39.541611,116.817209,39.491611,116.717209,17719,2137,39.516611,116.817209,39.516611,116.717209,9539,1187,39.491611,116.817209,39.541611,116.717209,14765,1310
151,2018-06-04 23:21:58,1528168918.8150966,116,39.441611,116.667209,39.591611,116.667209,27291,2652,39.491611,116.617209,39.541611,116.717209,15624,1573,39.516611,116.617209,39.516611,116.717209,12155,1197,39.541611,116.617209,39.491611,116.717209,15196,1252,39.591611,116.667209,39.441611,116.667209,25385,2537,39.541611,116.717209,39.491611,116.617209,13434,1517,39.516611,116.717209,39.516611,116.617209,10623,1248,39.491611,116.717209,39.541611,116.617209,13967,1116
152,2018-06-04 23:22:04,1528168924.834705,1,39.441611,116.567209,39.591611,116.567209,34085,2951,39.491611,116.517209,39.541611,116.617209,13965,812,39.516611,116.517209,39.516611,116.617209,10512,734,39.541611,116.517209,39.491611,116.617209,15257,1807,39.591611,116.567209,39.441611,116.567209,33819,3230,39.541611,116.617209,39.491611,116.517209,31969,2031,39.516611,116.617209,39.516611,116.517209,13007,860,39.491611,116.617209,39.541611,116.517209,17498,2004
153,2018-06-04 23:22:10,1528168930.7593088,2,39.441611,116.467209,39.591611,116.467209,31816,2663,39.491611,116.417209,39.541611,116.517209,16981,3026,39.516611,116.417209,39.516611,116.517209,14081,1759,39.541611,116.417209,39.491611,116.517209,35242,2461,39.591611,116.467209,39.441611,116.467209,33891,2259,39.541611,116.517209,39.491611,116.417209,17127,3146,39.516611,116.517209,39.516611,116.417209,15644,1878,39.491611,116.517209,39.541611,116.417209,15402,1488
154,2018-06-04 23:22:16,1528168936.733499,11,39.441611,116.367209,39.591611,116.367209,25105,2069,39.491611,116.317209,39.541611,116.417209,18654,1569,39.516611,116.317209,39.516611,116.417209,19847,1936,39.541611,116.317209,39.491611,116.417209,25191,2819,39.591611,116.367209,39.441611,116.367209,25633,2093,39.541611,116.417209,39.491611,116.317209,16908,1437,39.516611,116.417209,39.516611,116.317209,19747,1813,39.491611,116.417209,39.541611,116.317209,24925,2758
155,2018-06-04 23:22:22,1528168942.688981,1,39.441611,116.267209,39.591611,116.267209,24319,2172,39.491611,116.217209,39.541611,116.317209,26923,3042,39.516611,116.217209,39.516611,116.317209,11180,1204,39.541611,116.217209,39.491611,116.317209,16627,2200,39.591611,116.267209,39.441611,116.267209,22616,2036,39.541611,116.317209,39.491611,116.217209,28006,3315,39.516611,116.317209,39.516611,116.217209,9483,1158,39.491611,116.317209,39.541611,116.217209,15643,1923
156,2018-06-04 23:22:28,1528168948.6512992,1,39.441611,116.167209,39.591611,116.167209,22985,2659,39.491611,116.117209,39.541611,116.217209,19284,2378,39.516611,116.117209,39.516611,116.217209,10629,1272,39.541611,116.117209,39.491611,116.217209,21575,2277,39.591611,116.167209,39.441611,116.167209,22984,2698,39.541611,116.217209,39.491611,116.117209,19860,2243,39.516611,116.217209,39.516611,116.117209,10629,1257,39.491611,116.217209,39.541611,116.117209,21575,2271
157,2018-06-04 23:22:34,1528168954.609487,10,39.441611,116.067209,39.591611,116.067209,28046,2395,39.491611,116.017209,39.541611,116.117209,14180,1251,39.516611,116.017209,39.516611,116.117209,19507,2160,39.541611,116.017209,39.491611,116.117209,23339,2569,39.591611,116.067209,39.441611,116.067209,27252,2129,39.541611,116.117209,39.491611,116.017209,14367,1277,39.516611,116.117209,39.516611,116.017209,19351,2157,39.491611,116.117209,39.541611,116.017209,23349,2563
158,2018-06-04 23:22:40,1528168960.6192036,29,39.441611,115.967209,39.591611,115.967209,22505,2224,39.491611,115.917209,39.541611,116.017209,14552,1848,39.516611,115.917209,39.516611,116.017209,16981,2030,39.541611,115.917209,39.491611,116.017209,15223,2016,39.591611,115.967209,39.441611,115.967209,22509,2103,39.541611,116.017209,39.491611,115.917209,14550,1856,39.516611,116.017209,39.516611,115.917209,13191,1610,39.491611,116.017209,39.541611,115.917209,14171,1958
159,2018-06-04 23:22:46,1528168966.6719794,4,39.441611,115.867209,39.591611,115.867209,19841,2512,39.491611,115.817209,39.541611,115.917209,16650,2426,39.516611,115.817209,39.516611,115.917209,26409,2299,39.541611,115.817209,39.491611,115.917209,28716,2243,39.591611,115.867209,39.441611,115.867209,19080,2165,39.541611,115.917209,39.491611,115.817209,17131,2262,39.516611,115.917209,39.516611,115.817209,26921,2571,39.491611,115.917209,39.541611,115.817209,28727,2249
160,2018-06-04 23:22:52,1528168972.9248326,3,39.441611,115.767209,39.591611,115.767209,26738,2474,39.491611,115.717209,39.541611,115.817209,16758,1269,39.516611,115.717209,39.516611,115.817209,21354,2101,39.541611,115.717209,39.491611,115.817209,24716,2021,39.591611,115.767209,39.441611,115.767209,25890,2225,39.541611,115.817209,39.491611,115.717209,15978,1097,39.516611,115.817209,39.516611,115.717209,20875,1753,39.491611,115.817209,39.541611,115.717209,22992,1999
161,2018-06-04 23:22:58,1528168978.8588777,2,39.441611,115.667209,39.591611,115.667209,24959,2686,39.491611,115.617209,39.541611,115.717209,16308,1968,39.516611,115.617209,39.516611,115.717209,15977,1994,39.541611,115.617209,39.491611,115.717209,15582,1891,39.591611,115.667209,39.441611,115.667209,24963,2638,39.541611,115.717209,39.491611,115.617209,16310,1933,39.516611,115.717209,39.516611,115.617209,16995,1996,39.491611,115.717209,39.541611,115.617209,15572,1875
162,2018-06-04 23:23:04,1528168984.8821402,0,39.441611,115.567209,39.591611,115.567209,47878,3211,39.491611,115.517209,39.541611,115.617209,29890,2987,39.516611,115.517209,39.516611,115.617209,20892,2637,39.541611,115.517209,39.491611,115.617209,21460,2932,39.591611,115.567209,39.441611,115.567209,62878,4272,39.541611,115.617209,39.491611,115.517209,30295,3209,39.516611,115.617209,39.516611,115.517209,20892,2634,39.491611,115.617209,39.541611,115.517209,21460,2902
163,2018-06-04 23:23:10,1528168990.9284346,0,39.441611,115.467209,39.591611,115.467209,79042,6663,39.491611,115.417209,39.541611,115.517209,60481,5954,39.516611,115.417209,39.516611,115.517209,150753,13525,39.541611,115.417209,39.491611,115.517209,116633,11540,39.591611,115.467209,39.441611,115.467209,87361,6456,39.541611,115.517209,39.491611,115.417209,61021,6234,39.516611,115.517209,39.516611,115.417209,150645,14655,39.491611,115.517209,39.541611,115.417209,118877,12544
